Song,
Down,
Sugar (feat. Francesco Yates),
Prayer In C (Robin Schulz Radio Edit),
Crazy (feat. Joie Tan) [Radio Mix],
Destiny,
Habits (Stay High),
This Is What You Came For (feat. Rihanna),
Feel so Close (Radio Edit),
1901,
Me & Mr. Jones,
Walking On a Dream,
High and Low,
My Way,
Seven Nation Army,
Sugar,
Snowflakes (Radio Edit),
A Sky Full of Stars (Robin Schulz Edit),
Crazy,
New Soul,
Animal (Mark Ronson Remix),
Treasure,
This Girl (Kungs Vs. Cookin' On 3 Burners),
Landscape,
Conga Fury,
Can't Feel My Face,
Kansas City,
Did You Hear the Rain?,
Budapest,
Barcelona,
Shape of You,
Elementary Particles (re-edit),
Misery Business,
Black & Gold (Marcussen Album Version),
Postcards from Hell,
Elephant Machine,
Carnival,
L.A. Song,
Wonderwall,
Art Of Motion,
Drifting,
"Cello Suite No. 1 in G Major, BWV 1007: I. Prélude",
Just Give Me a Reason (feat. Nate Ruess),
Get Lucky (feat. Pharrell Williams & Nile Rodgers),
Good Times,
Give Me the Night,
The Girl from Ipanema (feat. Astrud Gilberto & Antônio Carlos Jobim) [Single Version],
How to Save a Life,
Mo Money Mo Problems (feat. Mase & Puff Daddy) [2014 Remastered Version],
Juicy,
Big Poppa,
Hypnotize,
Fancy (feat. Charli XCX),
Rockabye (feat. Sean Paul & Anne-Marie),
There's Nothing Holdin' Me Back,
Little Red Corvette (2019 Remaster),
Love the Way You Lie (feat. Rihanna),
Guaranteed,
Otherside,
California Love,
Scar Tissue,
Passionfruit,
Friends,
Feel It Still,
Purple Yellow Red and Blue,
Sorry Not Sorry (Acoustic),
Pumped Up Kicks,
Cabin by the Sea,
How Long,
Attention,
Mercy (Acoustic),
Strip That Down (feat. Quavo),
Wild Thoughts (feat. Rihanna & Bryson Tiller),
Pizza,
Paradinha,
The Heart Wants What It Wants,
Saturday Night (Heart On Drugs),
Fireball (feat. John Ryan),
G Code,
Apologize,
Too Good at Goodbyes,
Stash,
It Ain't Me,
Kiss You All Over,
Cake by the Ocean,
Power Trip (feat. Miguel),
Down the Road,
Good Times Roll,
A Fine Way to Die (feat. Orlando Napier),
New Rules,
Keep Your Head,
Classical Gas,
Good Old Days (feat. Kesha),
"Baby, What a Big Surprise",
Urgent,
Superman,
Wait (feat. A Boogie wit da Hoodie),
To My Love (Tainy Remix),
Pray For Me,
Heathens (feat. MUTEMATH),
Devil in Me (feat. Joe Killington & Duane Harden),
Sunny,
Bread,
Love Me Again,
Africa,
Believer,
Thunder,
Bad at Love,
Summertime Sadness,
The Hills,
Wonderwall (Remastered),
Dani California,
Skating Away (On the Thin Ice of the New Day),
Spanish Harlem,
Let Me Love You (feat. Justin Bieber),
Can't Hold Us (feat. Ray Dalton),
Take on Me,
Blurred Lines (feat. T.I. & Pharrell),
Thrift Shop (feat. Wanz),
Apologize (feat. OneRepublic),
Ms. Jackson,
50 Ways to Leave Your Lover,
I Just Want To Be Your Everything,
Love Yourself,
Get Busy,
Lights,
Say Say Say,
Outro,
It's Too Late,
Lisztomania,
Bad Liar,
Kryptonite,
Shame,
Disco Inferno (Single Edit),
Get Up I Feel Like Being Like A Sex Machine (Pts. 1 & 2),
"Papa's Got a Brand New Bag, Pt. 1",
You Dropped a Bomb on Me,
Shining Star,
I Ran (So Far Away),
Englishman In New York,
Close to Me,
Brandy (You're A Fine Girl),
Don't You (Forget About Me),
Evil Ways,
Everybody Wants to Rule the World,
Sweet Dreams (Are Made of This),
Happy Together,
Billie Jean,
Paranoid,
Shallow,
Harder Better Faster Stronger,
Meant to Be,
365,
Nevermind,
"Thunderclouds (feat. Sia, Diplo & Labrinth)",
Revival (Original Mix),
Burn,
Relax,
Con Calma (feat. Snow),
Krippy Kush (Travis Scott Remix) [feat. Travis Scott & Rvssian],
Beat It (Single Version),
Until the End of Time (feat. Richard Page) [RP Remix],
The City Is Mine (feat. Blackstreet),
Lost in the Fire,
Sweet but Psycho,
Chandelier,
I'm Going Down (iTunes Session),
You Found Me,
Just One Yesterday (feat. Foxes),
Pittsburgh Makes Me Drunk,
In My Mind,
La Grange,
Day 'n' Nite,
Cola,
Purple Emoji (feat. J. Cole),
Run Wild Run Free,
Lucid Dreams,
Satisfaction (Isak Original),
World Hold On,
Mambo No. 5 (A Little Bit Of...),
Firestone,
Touch My Body (Seamus Haji & Paul Emanuel Club Mix),
Taki Taki (feat. Seba Bootleg),
One Kiss,
Stranger Looks,
IDGAF,
Bitch,
Dirty Laundry,
Save a Horse (Ride a Cowboy),
Your Love (feat. The Outfield),
no tears left to cry,
The Closing Song,
A*****e,
Blow Me (You Hardly Even Know Me),
Filthy,
"Stayin' Alive (From ""Saturday Night Fever"" Soundtrack)",
Pardon Me,
See You Again (feat. Charlie Puth),
All of Me,
Safe and Sound,
1984,
In Too Deep,
Old Number Seven,
Desperado,
Señorita,
Renegades of Funk,
Mudshovel,
Phonk (feat. No Money),
I Don't Wanna Use Your Love Tonight,
Sex with Me (MK Remix),
Radioactive (Grouplove & Captain Cuts Remix),
See You Again,
Walking (feat. Swae Lee & Major Lazer),
Earned It (Fifty Shades of Grey),
Bad Things,
Sex,
In the Air Tonight,
Just Us (feat. SZA),
Eastside,
Drive (feat. Delilah Montagu) [Edit],
Diamonds,
I Miss You,
Green Light (Chromeo Remix),
Him & I,
Drive (feat. Delilah Montagu),
bad guy,
Sunflower (Spider-Man: Into the Spider-Verse),
Better Now,
Hustler Musik,
Cool Girl,
Broken,
Fast Car,
Sucker,
Fuego,
Girls Have Fun (feat. G-Eazy & Rich The Kid),
Specta (Deepfunk Remix),
Perfect,
Sign of the Times,
Pop Tart,
Colors,
Go Head,
Time of Our Lives,
Slow for Me (feat. Tory Lanez),
Careless Whisper,
Levels,
Regulate (feat. Nate Dogg),
I Kissed a Girl,
Picture (feat. Sheryl Crow),
Sexy and I Know It,
Many Men (Wish Death),
Boulevard of Broken Dreams,
Old Town Road,
Schism,
High Hopes,
Love and Happiness,
Umbrella (feat. JAY-Z),
Here,
Someone You Loved,
Happier,
South of the Border (feat. Camila Cabello & Cardi B),
What a Man Gotta Do,
I Like Me Better,
Stay With Me,
Blinding Lights,
Strangelove (Maxi Mix Version),
Sun Goes Down (feat. Isadora),
Dance Monkey,
Sweater Weather,
Piece Of Your Heart,
Gimme Shelter,
Take Me Home (feat. Bebe Rexha) [Acoustic],
Tipsy (Club Mix),
No Diggity,
Save Tonight (feat. Pearl Andersson) [Wideboys Remix],
Darkside,
Sandstorm,
faultline,
Titty Dancer,
Time After Time,
White Room,
I Was Made for Lovin' You,
Lover,
Joy and Pain,
Guiding Light,
Emerge,
In This World,
Like This Like That,
I Feel Free,
Season of the Witch,
Barabajagal (with the Jeff Beck Group) [Single Version],
Mellow Yellow,
Foundations (Full Explicit Version),
Own Alone,
Don't Rush (feat. Headie One),
Blame (feat. John Newman),
Nice to Meet Ya,
Talking in Your Sleep,
Speedo,
GIRL LIKE ME,
OK (feat. James Blunt),
I Feel Like I'm Drowning,
Don't Stand So Close to Me (Remastered 2003),
Chan Chan,
Your Song,
Wheel In the Sky,
Take Five (feat. George Shearing),
Superstition,
Gold On the Ceiling,
Fly Away,
Goosebumps,
Baila Conmigo (feat. Kelly Ruiz),
ROCKSTAR (feat. Roddy Ricch),
A Deeper Love,
Dark Beat (Chus & Ceballos Remix),
Sugar (feat. Domino),
Prisoner (feat. Dua Lipa) [Jax Jones Remix],
My House (Jameston Thieves & ARKN Remix),
Cheerleader (Felix Jaehn Remix Radio Edit),
Take Me to Church,
Dreams,
You Gotta Be (feat. Reigan) [MOTi & Terry McLove Remix],
Dreams (feat. Lanie Gardner),
Sunglasses at Night,
Operator (That's Not the Way It Feels),
Innerbloom,
Fav Boyz (feat. Thutmose) [Steve Aoki's Gold Star Remix],
DJ Got Us Fallin' In Love (feat. Pitbull),
DÁKITI,
360 (feat. MC Juninho FSF),
Si Es Trucho Es Trucho (Remix),
good 4 u,
Stole the Show (feat. Parson James),
Wicked Games (feat. Anna Naklab),
Just the Two of Us,
Watermelon Sugar,
Tennessee Whiskey,
Moneyworld,
I Am the King,
In the End,
Adore You,
Current Mood,
Your Good Lies,
Rolling in the Deep,
Friendships,
Just the Two of Us (feat. Bill Withers),
Entropy,
Bad Company,
In the End (feat. Fleurie) [Mellen Gi Remix],
Rooster,
How Soon Is Now?,
I'll Tumble 4 Ya,
Walk On the Wild Side (Live),
Fuck_Th15,
"I Can't Help Myself (Sugar Pie, Honey Bunch)",
Am I Wrong,
Memories,
Astronaut In The Ocean,
Eleanor Rigby,
Bed Room,
"Woman Like a Man (Live, Unplugged)",
Ubomi Abumanga,
Afterlife,
Apollo,
Brightest Lights (feat. POLIÇA) [Edit],
Ngci (feat. Mque),
Flug & Fall (Mixed),
Control,
Bad Habits,
Force of Nature,
Good Feeling,
Shooting Stars,
Unwell,
Hurricane,
Rose Rouge (feat. Robert Owens),
Go Crazy (feat. Todd Edwards),
Symphony of You (feat. Boy George),
Afeto,
I Want It to Be You (feat. Mac Mase),
Praying to a God (Luke Remix),
1st Time,
Paid In Full,
Lovely Day,
Ich bin der Regen,
Never Stop Loving Featuring Sol (Glissandro Bros. Remix),
Dark Tabla,
Humana,
Somos Dos,
Sing It Back (Musical Mix),
In Hell I'll Be in Good Company,
Everything You Need,
SOS (feat. Aloe Blacc),
Mystery of Love,
She Will Be Loved,
Memory,
Cold Heart (PNAU Remix),
Beautiful Girls,
Issues,
Home Again,
Locked Out of Heaven,
Tank! (TV stretch),
Rompecorazones,
Runaway,
You Were Right,
Grenade,
De Quem É a Culpa (Ao Vivo),
drivers license,
Easy On Me,
Renegades,
Wolves,
Instant Crush (feat. Julian Casablancas),
Carry On,
I Can't Go For That (No Can Do) [Live In Dublin / 2014],
Oh No,